from ,to
F033S003,F005
F033S003,F007
F033S003,F031
F033S003,F032
F036,F033
F041,F020
F041,F031
F057,F005
F057,F031
F134,F005
F134,F007
F005S004,F007
F005S047,F007
F005S053,F023
F005S054,F007
F005S057,F023
F005S063,F007
F005S063,F032
F005S068,F007
F005S076,F007
F005S096,F007
F005S097,F007
F006S015,F010
F006S024,F010
F006S030,F010
F006S039,F010
F006S075,F010
F006S103,F010
F059,F005
F059,F007
F066S004,F005
F066S004,F007
F076,F050
F121,F023
F049S001,F049
F005S002,F007
F005S003,F007
F005S011,F007
F005S012,F031
F005S015,F007
F005S032,F007
F005S034,F007
F005S036,F007
F005S040,F005
F005S050,F007
F005S059,F007
F005S066,F007
F005S069,F007
F005S074,F038
F005S083,F007
F005S101,F007
F005S105,F007
F005S114,F007
F006S004,F010
F006S008,F010
F006S009,F010
F006S010,F010
F006S014,F010
F006S033,F010
F006S037,F010
F019,F037
F006S064,F010
F006S082,F010
F006S084,F010
F007,F005
F007S009,F018
F007S033,F010
F007S051,F010
F001S006,F002
F009,F017
F001S124,F002
F011S021,F011
F012S017,F018
F028S009,F044
F031S007,F036
F033S005,F036
F033S011,F031
F033S012,F031
F033S013,F031
F047,F044
F049S000,F049
F049S002,F049
F050,F011
F050S001,F054
F054,F011
F073,F060
F079,F011
F083,F005
F095,F055
F119,F005
F120,F005
F000S044,F002
F000S162,F002
F001S246,F002
F002S051,F003
F124,F003
F026,F002
F026,F022
F001S017,F000
F005S048,F046
F121,F008
F005S053,F046
F005S057,F046
F000S014,F002
F000S152,F002
F000S343,F003
F001S117,F013
F005S078,F016
F005S100,F046
F005S102,F046
F020,F037
F067,F064
F005S004,F016
F000S353,F003
F005S001,F008
F005S013,F008
F006S000,F030
F007S080,F008
F018,F002
F125,F026
F005S047,F008
F000S314,F002
F001S164,F000
F007S031,F008
F017S007,F000
F021,F009
F031S002,F009
F130,F009
F033S003,F013
F024,F002
F036,F009
F005S054,F008
F000S107,F004
F005S107,F008
F007S071,F008
F036,F047
F041,F037
F057,F016
F005S097,F059
F006S015,F030
F007S019,F016
F007S020,F016
F007S025,F016
F008S012,F009
F012S018,F009
F134,F008
F005S068,F008
F005S096,F008
F006S024,F030
F006S103,F030
F000S392,F003
F002S116,F003
F003S179,F004
F006S026,F030
F007S060,F000
F010S050,F003
F012S023,F000
F014S022,F004
F024S016,F002
F006S030,F030
F006S039,F030
F006S063,F030
F007S049,F008
F009S071,F057
F036S000,F009
F006S075,F030
F005S079,F009
F006S041,F030
F006S073,F030
F036S008,F013
F038S002,F022
F000S389,F002
F006S078,F026
F004S007,F004
F004S036,F004
F004S104,F004
F004S126,F004
F004S138,F004
F004S149,F004
F004S152,F004
F008S065,F008
F027,A000
F039,A000
F131,A000
F002,A000
F004,A000
F002S003,F002
F002S015,F002
F002S076,F002
F002S193,F002
F002S235,F002
F016,A000
F004S082,F004
F037,A000
F016S000,F016
F016S024,F016
F016S038,F016
F027S014,F027
F039S000,F039
F008,A000
F002S004,F002
F002S010,F002
F002S012,F002
F002S017,F002
F002S024,F002
F002S027,F002
F002S055,F002
F002S059,F002
F002S063,F002
F002S064,F002
F002S072,F002
F002S106,F002
F002S113,F002
F002S160,F002
F002S218,F002
F002S230,F002
F002S241,F002
F004S035,F004
F004S056,F004
F004S098,F004
F016S005,F016
F016S016,F016
F001S205,F001
F001S221,F001
F037S002,F037
F037S003,F037
F039S002,F039
F092,A000
F096,A000
F103,A000
F202,A000
F000,A000
F000S361,F000
F002S013,F002
F002S022,F002
F002S025,F002
F002S036,F002
F002S037,F002
F002S039,F002
F002S041,F002
F002S042,F002
F002S052,F002
F002S053,F002
F002S069,F002
F002S071,F002
F002S097,F002
F002S124,F002
F001S237,F001
F002S171,F002
F002S200,F002
F002S219,F002
F002S232,F002
F002S233,F002
F002S243,F002
F002S256,F002
F003,A000
F003S032,F003
F003S068,F003
F003S088,F003
F003S089,F003
F003S136,F003
F003S187,F003
F004S018,F004
F004S047,F004
F004S086,F004
F004S096,F004
F004S100,F004
F004S117,F004
F004S118,F004
F004S151,F004
F004S167,F004
F008S017,F008
F008S043,F008
F008S058,F008
F008S068,F008
F008S076,F008
F013,A000
F013S000,F013
F014,A000
F014S003,F014
F016S002,F016
F016S012,F016
F016S015,F016
F016S034,F016
F022,A000
F027S002,F027
F027S017,F027
F062,A000
F099,A000
F206,A000
F302,A000
F302S001,F302
F064,A000
F000S002,F000
F000S005,F000
F000S009,F000
F000S010,F000
F000S026,F000
F000S038,F000
F000S039,F000
F000S044,F000
F000S045,F000
F000S050,F000
F000S054,F000
F000S058,F000
F000S096,F000
F000S111,F000
F000S160,F000
F000S162,F000
F000S163,F000
F000S328,F000
F000S330,F000
F000S341,F000
F002S000,F002
F002S001,F002
F002S018,F002
F002S021,F002
F002S026,F002
F002S033,F002
F002S051,F002
F002S054,F002
F002S068,F002
F002S078,F002
F002S081,F002
F002S086,F002
F002S094,F002
F002S101,F002
F002S112,F002
F002S122,F002
F002S143,F002
F002S159,F002
F002S177,F002
F002S198,F002
F002S209,F002
F002S248,F002
F003S002,F003
F003S004,F003
F003S007,F003
F003S016,F003
F003S018,F003
F003S019,F003
F003S021,F003
F003S025,F003
F003S028,F003
F003S035,F003
F003S043,F003
F003S067,F003
F003S069,F003
F003S082,F003
F003S097,F003
F003S119,F003
F003S166,F003
F033S003,F033
F003S174,F003
F003S219,F003
F003S224,F003
F003S229,F003
F004S008,F004
F004S011,F004
F004S077,F004
F004S078,F004
F004S141,F004
F004S146,F004
F004S169,F004
F004S177,F004
F008S006,F008
F008S013,F008
F008S019,F008
F008S025,F008
F008S034,F008
F008S037,F008
F008S040,F008
F008S080,F008
F013S004,F013
F013S014,F013
F013S044,F013
F016S003,F016
F016S006,F016
F016S010,F016
F016S021,F016
F022S006,F022
F022S012,F022
F022S019,F022
F027S011,F027
F124,A000
F207,A000
F208,A000
F026,A000
F000S001,F000
F000S004,F000
F000S015,F000
F000S016,F000
F000S020,F000
F000S028,F000
F000S051,F000
F000S053,F000
F000S059,F000
F000S061,F000
F000S067,F000
F000S073,F000
F000S106,F000
F000S112,F000
F000S117,F000
F000S123,F000
F000S131,F000
F000S135,F000
F000S139,F000
F000S140,F000
F000S167,F000
F000S174,F000
F000S186,F000
F000S206,F000
F000S229,F000
F000S241,F000
F000S245,F000
F000S272,F000
F000S276,F000
F000S362,F000
F000S403,F000
F002S005,F002
F002S016,F002
F002S031,F002
F002S032,F002
F002S034,F002
F002S038,F002
F002S044,F002
F002S048,F002
F002S057,F002
F002S062,F002
F002S083,F002
F002S090,F002
F002S135,F002
F002S145,F002
F002S149,F002
F002S150,F002
F002S161,F002
F002S172,F002
F002S173,F002
F002S188,F002
F002S249,F002
F002S250,F002
F002S251,F002
F002S255,F002
F003S000,F003
F003S001,F003
F003S003,F003
F003S005,F003
F003S006,F003
F003S008,F003
F003S009,F003
F003S010,F003
F003S017,F003
F003S022,F003
F003S023,F003
F003S029,F003
F003S033,F003
F003S044,F003
F003S058,F003
F003S064,F003
F003S065,F003
F003S100,F003
F003S106,F003
F003S128,F003
F003S133,F003
F003S155,F003
F003S162,F003
F003S164,F003
F003S178,F003
F003S193,F003
F003S244,F003
F004S013,F004
F004S020,F004
F004S026,F004
F004S029,F004
F004S044,F004
F004S050,F004
F004S051,F004
F004S074,F004
F004S081,F004
F004S091,F004
F004S105,F004
F004S111,F004
F004S164,F004
F008S004,F008
F008S011,F008
F008S014,F008
F008S023,F008
F008S024,F008
F008S046,F008
F008S050,F008
F013S001,F013
F013S002,F013
F013S005,F013
F013S034,F013
F013S047,F013
F013S048,F013
F014S001,F014
F014S008,F014
F014S012,F014
F014S013,F014
F016S008,F016
F016S027,F016
F016S029,F016
F001S242,F001
F016S031,F016
F016S035,F016
F016S041,F016
F022S008,F022
F022S013,F022
F022S016,F022
F075,A000
F026S002,F026
F026S003,F026
F026S016,F026
F026S019,F026
F037S005,F037
F037S007,F037
F037S009,F037
F039S007,F039
F001S263,F001
F303,A000
F001S276,F001
F009,A000
F001S279,F001
F005S060,F005
F005S065,F005
F000S006,F000
F005S071,F005
F000S011,F000
F005S072,F005
F000S014,F000
F005S073,F005
F005S082,F005
F000S017,F000
F000S019,F000
F000S021,F000
F000S022,F000
F000S024,F000
F000S031,F000
F000S032,F000
F000S037,F000
F000S040,F000
F000S046,F000
F000S057,F000
F000S063,F000
F000S070,F000
F000S082,F000
F000S090,F000
F000S102,F000
F000S108,F000
F005S091,F005
F005S099,F005
F000S110,F000
F000S115,F000
F000S125,F000
F005S109,F005
F006S044,F006
F000S134,F000
F000S146,F000
F000S148,F000
F000S150,F000
F000S152,F000
F000S161,F000
F000S168,F000
F000S193,F000
F000S197,F000
F000S203,F000
F000S210,F000
F006S049,F006
F000S220,F000
F000S260,F000
F000S280,F000
F000S343,F000
F002S002,F002
F002S019,F002
F002S028,F002
F002S029,F002
F006S053,F006
F002S030,F002
F006S056,F006
F006S058,F006
F002S050,F002
F002S061,F002
F002S077,F002
F006S059,F006
F002S082,F002
F002S085,F002
F002S088,F002
F002S096,F002
F002S099,F002
F002S123,F002
F002S133,F002
F002S141,F002
F006S060,F006
F002S169,F002
F002S191,F002
F002S195,F002
F006S065,F006
F002S206,F002
F006S072,F006
F002S247,F002
F003S011,F003
F006S074,F006
F006S081,F006
F003S012,F003
F003S013,F003
F003S015,F003
F003S020,F003
F003S034,F003
F003S045,F003
F003S046,F003
F003S047,F003
F003S060,F003
F003S072,F003
F006S093,F006
F003S074,F003
F006S094,F006
F003S079,F003
F001S000,F001
F001S001,F001
F001S002,F001
F001S003,F001
F001S004,F001
F001S005,F001
F003S080,F003
F001S007,F001
F001S008,F001
F001S009,F001
F001S010,F001
F001S011,F001
F001S012,F001
F001S013,F001
F001S014,F001
F001S015,F001
F001S016,F001
F001S018,F001
F001S019,F001
F001S020,F001
F001S021,F001
F001S022,F001
F001S023,F001
F001S024,F001
F001S025,F001
F001S026,F001
F001S027,F001
F001S028,F001
F001S029,F001
F001S030,F001
F001S031,F001
F001S032,F001
F001S033,F001
F001S034,F001
F001S035,F001
F001S036,F001
F001S037,F001
F001S038,F001
F001S039,F001
F001S040,F001
F001S041,F001
F001S042,F001
F001S043,F001
F001S044,F001
F001S045,F001
F001S046,F001
F001S047,F001
F001S048,F001
F001S049,F001
F001S050,F001
F001S051,F001
F001S052,F001
F001S053,F001
F001S054,F001
F001S055,F001
F001S056,F001
F001S057,F001
F001S058,F001
F001S059,F001
F001S060,F001
F001S061,F001
F001S062,F001
F001S063,F001
F001S064,F001
F001S065,F001
F001S066,F001
F001S067,F001
F001S068,F001
F001S069,F001
F001S070,F001
F001S071,F001
F001S072,F001
F001S073,F001
F001S074,F001
F001S075,F001
F001S076,F001
F001S077,F001
F001S078,F001
F001S079,F001
F001S080,F001
F001S081,F001
F001S082,F001
F001S083,F001
F001S084,F001
F001S085,F001
F001S086,F001
F001S087,F001
F001S088,F001
F001S089,F001
F001S090,F001
F001S091,F001
F001S092,F001
F001S093,F001
F001S094,F001
F001S095,F001
F001S096,F001
F001S097,F001
F001S098,F001
F001S099,F001
F001S100,F001
F001S101,F001
F001S102,F001
F001S103,F001
F001S104,F001
F001S105,F001
F001S106,F001
F001S107,F001
F001S108,F001
F001S109,F001
F001S110,F001
F001S111,F001
F001S112,F001
F001S113,F001
F001S114,F001
F001S115,F001
F001S116,F001
F005S004,F005
F001S118,F001
F001S119,F001
F001S120,F001
F001S121,F001
F001S122,F001
F001S123,F001
F005S047,F005
F001S125,F001
F001S126,F001
F001S127,F001
F001S128,F001
F001S129,F001
F001S130,F001
F001S131,F001
F001S132,F001
F001S133,F001
F001S134,F001
F001S135,F001
F001S136,F001
F001S137,F001
F001S138,F001
F001S139,F001
F001S140,F001
F001S141,F001
F001S142,F001
F001S143,F001
F001S144,F001
F001S145,F001
F001S146,F001
F001S147,F001
F001S148,F001
F001S149,F001
F001S150,F001
F001S151,F001
F001S152,F001
F001S153,F001
F001S154,F001
F001S155,F001
F001S156,F001
F001S157,F001
F001S158,F001
F001S159,F001
F001S160,F001
F001S161,F001
F001S162,F001
F001S163,F001
F001S165,F001
F001S166,F001
F001S167,F001
F001S168,F001
F001S169,F001
F001S170,F001
F001S171,F001
F001S172,F001
F001S173,F001
F001S174,F001
F001S175,F001
F001S176,F001
F001S177,F001
F001S178,F001
F001S179,F001
F001S180,F001
F001S181,F001
F001S182,F001
F001S183,F001
F001S184,F001
F001S185,F001
F001S186,F001
F001S187,F001
F001S188,F001
F001S189,F001
F001S190,F001
F001S191,F001
F001S192,F001
F001S193,F001
F001S194,F001
F001S195,F001
F001S196,F001
F001S197,F001
F001S198,F001
F001S199,F001
F001S200,F001
F001S201,F001
F001S202,F001
F001S203,F001
F001S204,F001
F006S096,F006
F001S206,F001
F001S207,F001
F001S208,F001
F001S209,F001
F001S210,F001
F001S211,F001
F001S212,F001
F001S213,F001
F001S214,F001
F001S215,F001
F001S216,F001
F001S217,F001
F001S218,F001
F001S219,F001
F001S220,F001
F006S100,F006
F001S222,F001
F001S223,F001
F001S224,F001
F001S225,F001
F001S226,F001
F001S227,F001
F001S228,F001
F001S229,F001
F001S231,F001
F001S232,F001
F001S233,F001
F001S234,F001
F001S235,F001
F001S236,F001
F006S104,F006
F001S238,F001
F001S239,F001
F001S240,F001
F001S241,F001
F006S105,F006
F001S243,F001
F001S244,F001
F001S245,F001
F005S053,F005
F001S247,F001
F001S248,F001
F001S249,F001
F001S250,F001
F001S251,F001
F001S252,F001
F001S253,F001
F001S254,F001
F001S255,F001
F001S256,F001
F001S257,F001
F001S258,F001
F001S259,F001
F001S260,F001
F001S261,F001
F001S262,F001
F006S108,F006
F001S264,F001
F001S265,F001
F001S267,F001
F001S268,F001
F001S269,F001
F001S270,F001
F001S271,F001
F001S272,F001
F001S273,F001
F001S275,F001
F006S109,F006
F001S277,F001
F001S278,F001
F001S280,F001
F001S281,F001
F001S282,F001
F001S283,F001
F003S091,F003
F007S062,F007
F003S121,F003
F003S134,F003
F007S066,F007
F001,A000
F003S144,F003
F003S146,F003
F003S154,F003
F003S183,F003
F003S186,F003
F003S188,F003
F003S202,F003
F003S205,F003
F003S208,F003
F003S236,F003
F004S012,F004
F004S019,F004
F004S023,F004
F004S028,F004
F004S041,F004
F004S045,F004
F004S046,F004
F004S057,F004
F004S158,F004
F004S160,F004
F004S168,F004
F008S001,F008
F008S002,F008
F008S003,F008
F008S007,F008
F008S008,F008
F008S018,F008
F008S042,F008
F008S061,F008
F008S062,F008
F030,A000
F013S007,F013
F013S010,F013
F013S011,F013
F013S023,F013
F013S030,F013
F014S005,F014
F014S010,F014
F014S014,F014
F014S019,F014
F014S035,F014
F014S040,F014
F016S004,F016
F005S054,F005
F016S009,F016
F016S025,F016
F022S002,F022
F022S005,F022
F026S000,F026
F026S004,F026
F026S015,F026
F027S000,F027
F027S001,F027
F027S005,F027
F047,A000
F059,A000
F047S003,F047
F063,A000
F102,A000
F204,A000
F205,A000
F118,A000
F000S003,F000
F000S007,F000
F000S012,F000
F000S013,F000
F000S023,F000
F000S029,F000
F000S033,F000
F000S041,F000
F000S042,F000
F000S047,F000
F000S048,F000
F000S056,F000
F000S060,F000
F000S062,F000
F000S065,F000
F000S071,F000
F000S072,F000
F000S074,F000
F000S076,F000
F000S083,F000
F000S085,F000
F000S087,F000
F000S088,F000
F000S098,F000
F000S109,F000
F000S114,F000
F000S122,F000
F000S128,F000
F000S132,F000
F000S136,F000
F000S151,F000
F000S194,F000
F000S196,F000
F000S214,F000
F000S233,F000
F000S235,F000
F000S256,F000
F000S257,F000
F000S264,F000
F000S300,F000
F000S309,F000
F000S335,F000
F000S342,F000
F000S344,F000
F000S348,F000
F000S349,F000
F000S351,F000
F000S353,F000
F000S355,F000
F000S371,F000
F000S373,F000
F000S380,F000
F000S401,F000
F002S008,F002
F002S040,F002
F002S045,F002
F002S047,F002
F002S049,F002
F002S060,F002
F002S065,F002
F002S067,F002
F002S075,F002
F002S079,F002
F002S080,F002
F002S084,F002
F002S089,F002
F002S098,F002
F002S103,F002
F002S107,F002
F002S110,F002
F002S111,F002
F002S115,F002
F002S118,F002
F002S120,F002
F002S130,F002
F002S147,F002
F002S156,F002
F002S162,F002
F002S163,F002
F002S170,F002
F002S186,F002
F002S202,F002
F002S220,F002
F002S242,F002
F003S027,F003
F003S030,F003
F003S038,F003
F003S040,F003
F003S048,F003
F003S053,F003
F003S057,F003
F003S063,F003
F003S075,F003
F003S076,F003
F003S081,F003
F003S092,F003
F003S102,F003
F003S111,F003
F003S118,F003
F003S139,F003
F003S147,F003
F003S213,F003
F003S216,F003
F003S220,F003
F003S221,F003
F003S225,F003
F003S239,F003
F004S006,F004
F004S009,F004
F004S025,F004
F004S032,F004
F004S042,F004
F004S052,F004
F004S069,F004
F010S041,F010
F004S087,F004
F004S128,F004
F008S010,F008
F008S027,F008
F008S028,F008
F010S046,F010
F008S030,F008
F008S035,F008
F008S067,F008
F009S015,F009
F010S052,F010
F009S019,F009
F009S022,F009
F010S058,F010
F010S060,F010
F009S032,F009
F009S063,F009
F013S003,F013
F013S006,F013
F013S012,F013
F013S015,F013
F013S024,F013
F013S027,F013
F010S061,F010
F013S035,F013
F013S038,F013
F010S067,F010
F010S068,F010
F013S040,F013
F013S046,F013
F014S004,F014
F014S011,F014
F010S070,F010
F016S017,F016
F016S026,F016
F016S040,F016
F010S071,F010
F022S001,F022
F022S004,F022
F022S014,F022
F026S006,F026
F026S007,F026
F026S010,F026
F026S011,F026
F027S004,F027
F030S009,F030
F037S006,F037
F122,A000
F010S072,F010
F010S073,F010
F125,A000
F209,A000
F000S018,F000
F000S034,F000
F000S036,F000
F000S043,F000
F000S049,F000
F000S052,F000
F000S066,F000
F000S075,F000
F000S077,F000
F000S080,F000
F000S089,F000
F000S093,F000
F000S097,F000
F000S100,F000
F000S104,F000
F000S105,F000
F000S113,F000
F000S116,F000
F000S124,F000
F000S159,F000
F000S175,F000
F000S178,F000
F000S182,F000
F000S191,F000
F000S195,F000
F000S198,F000
F000S212,F000
F000S216,F000
F000S217,F000
F000S231,F000
F000S253,F000
F000S259,F000
F000S262,F000
F000S263,F000
F000S299,F000
F000S307,F000
F000S311,F000
F000S312,F000
F000S314,F000
F000S321,F000
F000S366,F000
F000S368,F000
F000S374,F000
F000S383,F000
F000S402,F000
F002S006,F002
F002S009,F002
F002S020,F002
F002S043,F002
F002S073,F002
F002S087,F002
F002S095,F002
F002S100,F002
F002S102,F002
F002S104,F002
F002S105,F002
F002S109,F002
F002S117,F002
F002S119,F002
F002S125,F002
F002S137,F002
F002S166,F002
F002S167,F002
F002S168,F002
F002S187,F002
F002S189,F002
F002S201,F002
F002S205,F002
F002S207,F002
F002S214,F002
F002S222,F002
F002S245,F002
F003S014,F003
F003S024,F003
F003S042,F003
F003S050,F003
F003S052,F003
F003S055,F003
F003S056,F003
F003S070,F003
F003S077,F003
F003S086,F003
F003S087,F003
F003S110,F003
F003S112,F003
F003S113,F003
F003S115,F003
F003S148,F003
F003S159,F003
F003S198,F003
F003S206,F003
F003S212,F003
F003S233,F003
F003S240,F003
F004S010,F004
F004S014,F004
F004S015,F004
F004S017,F004
F004S021,F004
F004S034,F004
F004S039,F004
F004S040,F004
F004S043,F004
F004S049,F004
F004S054,F004
F004S055,F004
F004S066,F004
F004S067,F004
F004S070,F004
F004S089,F004
F004S106,F004
F004S112,F004
F008S009,F008
F008S026,F008
F008S029,F008
F008S033,F008
F008S063,F008
F008S075,F008
F009S000,F009
F009S002,F009
F009S005,F009
F009S008,F009
F009S017,F009
F009S018,F009
F009S049,F009
F009S055,F009
F009S067,F009
F009S068,F009
F009S072,F009
F013S016,F013
F013S018,F013
F013S020,F013
F013S021,F013
F013S032,F013
F014S000,F014
F014S015,F014
F014S020,F014
F016S007,F016
F016S011,F016
F016S013,F016
F022S003,F022
F022S022,F022
F026S005,F026
F027S003,F027
F030S006,F030
F030S008,F030
F030S010,F030
F039S003,F039
F047S001,F047
F130,A000
F302S002,F302
F303S000,F303
F015,A000
F005S057,F005
F011S029,F011
F000S000,F000
F000S008,F000
F000S025,F000
F000S055,F000
F000S064,F000
F000S069,F000
F000S078,F000
F000S084,F000
F011S030,F011
F000S091,F000
F000S094,F000
F011S037,F011
F000S101,F000
F000S103,F000
F000S107,F000
F011S040,F011
F011S049,F011
F006S078,F006
F000S118,F000
F000S119,F000
F012S052,F012
F017S031,F017
F000S129,F000
F000S138,F000
F000S143,F000
F000S144,F000
F000S145,F000
F000S153,F000
F017S032,F017
F000S157,F000
F000S170,F000
F000S172,F000
F000S179,F000
F000S209,F000
F000S225,F000
F000S238,F000
F000S249,F000
F000S250,F000
F000S261,F000
F000S267,F000
F000S270,F000
F000S271,F000
F000S273,F000
F000S287,F000
F000S291,F000
F000S296,F000
F017S034,F017
F000S298,F000
F000S336,F000
F000S394,F000
F000S406,F000
F018S023,F018
F002S007,F002
F002S023,F002
F002S046,F002
F002S056,F002
F018S025,F018
F002S074,F002
F002S092,F002
F018S030,F018
F019S017,F019
F019S023,F019
F002S108,F002
F002S114,F002
F002S121,F002
F002S127,F002
F002S131,F002
F002S132,F002
F002S138,F002
F002S146,F002
F002S148,F002
F002S153,F002
F002S158,F002
F002S165,F002
F002S178,F002
F002S183,F002
F002S184,F002
F002S190,F002
F002S192,F002
F002S197,F002
F002S231,F002
F003S026,F003
F003S036,F003
F003S039,F003
F003S049,F003
F003S051,F003
F003S054,F003
F003S062,F003
F003S071,F003
F003S078,F003
F003S085,F003
F003S094,F003
F003S095,F003
F003S104,F003
F003S105,F003
F003S114,F003
F003S117,F003
F003S127,F003
F003S142,F003
F003S151,F003
F003S158,F003
F003S160,F003
F003S170,F003
F003S197,F003
F003S230,F003
F004S005,F004
F004S022,F004
F004S027,F004
F004S048,F004
F004S060,F004
F004S061,F004
F004S065,F004
F004S072,F004
F004S080,F004
F004S115,F004
F004S145,F004
F004S147,F004
F004S154,F004
F004S155,F004
F004S159,F004
F004S162,F004
F004S163,F004
F004S173,F004
F008S015,F008
F008S074,F008
F008S077,F008
F009S001,F009
F009S003,F009
F009S013,F009
F009S026,F009
F009S031,F009
F009S037,F009
F009S044,F009
F009S047,F009
F013S008,F013
F019S024,F019
F013S009,F013
F013S022,F013
F013S033,F013
F019S030,F019
F013S036,F013
F014S002,F014
F014S037,F014
F020S025,F020
F021S012,F021
F015S002,F015
F021S014,F021
F015S004,F015
F015S017,F015
F015S036,F015
F015S037,F015
F016S030,F016
F021S017,F021
F021S021,F021
F016S037,F016
F016S039,F016
F022S000,F022
F022S007,F022
F021S022,F021
F022S010,F022
F023S020,F023
F026S017,F026
F027S013,F027
F033S009,F033
F056S000,F056
F039S001,F039
F059S000,F059
F049S001,F049
F301S000,F301
F059S002,F059
F083,A000
F119,A000
F302S000,F302
F302S003,F302
F045,A000
F301S001,F301
F000S035,F000
F000S079,F000
F000S086,F000
F000S092,F000
F000S120,F000
F000S137,F000
F000S142,F000
F000S158,F000
F000S165,F000
F000S166,F000
F000S169,F000
F000S180,F000
F000S184,F000
F000S192,F000
F000S215,F000
F000S223,F000
F000S230,F000
F000S239,F000
F000S248,F000
F000S251,F000
F000S258,F000
F000S266,F000
F000S284,F000
F000S285,F000
F000S315,F000
F000S317,F000
F000S322,F000
F000S323,F000
F000S352,F000
F000S354,F000
F000S357,F000
F000S360,F000
F000S377,F000
F000S388,F000
F005S000,F005
F005S063,F005
F005S068,F005
F005S076,F005
F005S005,F005
F005S006,F005
F005S008,F005
F005S009,F005
F005S010,F005
F005S096,F005
F005S097,F005
F005S014,F005
F006S015,F006
F005S016,F005
F005S017,F005
F005S018,F005
F005S019,F005
F005S020,F005
F005S021,F005
F005S022,F005
F005S023,F005
F005S024,F005
F005S025,F005
F005S026,F005
F005S027,F005
F005S028,F005
F005S029,F005
F005S030,F005
F005S031,F005
F006S024,F006
F005S033,F005
F006S030,F006
F005S037,F005
F005S038,F005
F005S039,F005
F006S039,F006
F005S041,F005
F005S042,F005
F005S043,F005
F005S045,F005
F006S075,F006
F005S049,F005
F006S103,F006
F011S024,F011
F005S051,F005
F005S052,F005
F000S395,F000
F000S397,F000
F005S055,F005
F005S056,F005
F066S004,F066
F005S058,F005
F000S399,F000
F002S066,F002
F005S061,F005
F072S010,F072
F002S126,F002
F005S064,F005
F002S136,F002
F002S140,F002
F005S067,F005
F002S151,F002
F002S155,F002
F002S164,F002
F002S176,F002
F002S179,F002
F002S180,F002
F005S075,F005
F005,A000
F005S077,F005
F006,A000
F007,A000
F005S080,F005
F002S185,F002
F002S224,F002
F005S085,F005
F005S086,F005
F005S087,F005
F005S088,F005
F002S225,F002
F002S236,F002
F005S092,F005
F005S093,F005
F005S094,F005
F005S095,F005
F002S237,F002
F002S240,F002
F002S258,F002
F005S098,F005
F003S037,F003
F003S041,F003
F001S006,F001
F001S017,F001
F005S103,F005
F005S104,F005
F001S117,F001
F001S124,F001
F005S108,F005
F003S061,F003
F005S110,F005
F005S111,F005
F005S112,F005
F001S164,F001
F005S115,F005
F003S066,F003
F001S246,F001
F003S073,F003
F006S002,F006
F006S003,F006
F003S084,F003
F006S005,F006
F006S006,F006
F006S007,F006
F003S098,F003
F005S001,F005
F005S002,F005
F006S011,F006
F006S012,F006
F006S013,F006
F005S003,F005
F005S011,F005
F006S016,F006
F006S017,F006
F006S018,F006
F006S019,F006
F006S020,F006
F006S021,F006
F006S022,F006
F006S023,F006
F005S012,F005
F005S013,F005
F006S025,F006
F005S015,F005
F006S027,F006
F006S028,F006
F006S029,F006
F005S032,F005
F006S031,F006
F006S032,F006
F005S034,F005
F006S034,F006
F006S035,F006
F006S036,F006
F005S036,F005
F006S038,F006
F005S040,F005
F005S048,F005
F006S040,F006
F005S050,F005
F006S042,F006
F006S043,F006
F003S107,F003
F006S045,F006
F006S047,F006
F003S116,F003
F003S120,F003
F003S129,F003
F006S051,F006
F006S052,F006
F003S131,F003
F006S055,F006
F003S132,F003
F006S057,F006
F003S143,F003
F003S149,F003
F003S156,F003
F006S061,F006
F006S062,F006
F005S059,F005
F005S066,F005
F003S161,F003
F006S066,F006
F006S067,F006
F006S069,F006
F006S070,F006
F003S168,F003
F005S069,F005
F003S169,F003
F005S074,F005
F006S076,F006
F005S078,F005
F005S079,F005
F006S080,F006
F003S180,F003
F005S083,F005
F006S083,F006
F005S100,F005
F003S194,F003
F006S086,F006
F003S201,F003
F003S223,F003
F003S227,F003
F004S024,F004
F006S091,F006
F006S092,F006
F004S030,F004
F004S031,F004
F006S095,F006
F004S033,F004
F006S097,F006
F006S098,F006
F006S099,F006
F004S053,F004
F006S101,F006
F006S102,F006
F005S101,F005
F005S102,F005
F004S062,F004
F004S085,F004
F006S106,F006
F006S107,F006
F004S109,F004
F004S121,F004
F004S127,F004
F005S105,F005
F007S001,F007
F007S002,F007
F007S005,F007
F007S007,F007
F007S008,F007
F005S107,F005
F007S010,F007
F007S012,F007
F007S013,F007
F007S014,F007
F007S015,F007
F007S016,F007
F007S017,F007
F007S018,F007
F005S114,F005
F006S000,F006
F007S022,F007
F007S023,F007
F006S001,F006
F007S028,F007
F007S029,F007
F007S030,F007
F006S004,F006
F007S032,F007
F006S008,F006
F007S034,F007
F007S036,F007
F007S038,F007
F007S039,F007
F007S041,F007
F007S042,F007
F007S043,F007
F007S044,F007
F007S045,F007
F007S046,F007
F007S048,F007
F006S009,F006
F007S050,F007
F006S010,F006
F007S054,F007
F007S056,F007
F007S058,F007
F006S014,F006
F007S061,F007
F004S134,F004
F007S063,F007
F007S065,F007
F004S170,F004
F007S068,F007
F007S070,F007
F006S026,F006
F007S072,F007
F007S073,F007
F007S079,F007
F006S033,F006
F004S172,F004
F004S175,F004
F008S012,F008
F008S016,F008
F008S021,F008
F008S022,F008
F008S048,F008
F009S009,F009
F009S010,F009
F009S016,F009
F009S024,F009
F006S037,F006
F009S027,F009
F009S030,F009
F009S033,F009
F009S034,F009
F009S035,F009
F009S045,F009
F009S073,F009
F013S013,F013
F013S017,F013
F013S028,F013
F013S041,F013
F014S006,F014
F014S007,F014
F014S009,F014
F014S033,F014
F014S034,F014
F015S001,F015
F015S003,F015
F015S005,F015
F015S006,F015
F015S010,F015
F015S012,F015
F015S016,F015
F015S021,F015
F015S022,F015
F015S028,F015
F015S030,F015
F022S009,F022
F022S018,F022
F039S004,F039
F039S006,F039
F057,A000
F047S002,F047
F000S068,F000
F000S121,F000
F000S127,F000
F000S130,F000
F000S133,F000
F000S149,F000
F006S041,F006
F000S154,F000
F000S155,F000
F000S156,F000
F000S164,F000
F000S176,F000
F000S177,F000
F000S185,F000
F000S187,F000
F000S190,F000
F000S199,F000
F000S204,F000
F000S205,F000
F000S207,F000
F000S213,F000
F000S221,F000
F000S224,F000
F000S226,F000
F000S236,F000
F000S237,F000
F000S240,F000
F000S244,F000
F000S247,F000
F000S254,F000
F000S255,F000
F000S274,F000
F000S279,F000
F000S289,F000
F000S295,F000
F000S310,F000
F000S316,F000
F000S325,F000
F000S337,F000
F000S365,F000
F000S375,F000
F000S385,F000
F000S392,F000
F000S396,F000
F002S116,F002
F002S144,F002
F002S154,F002
F002S157,F002
F002S213,F002
F002S246,F002
F003S090,F003
F003S093,F003
F003S096,F003
F003S099,F003
F003S101,F003
F003S103,F003
F003S108,F003
F003S109,F003
F003S122,F003
F003S125,F003
F003S126,F003
F003S137,F003
F003S138,F003
F003S141,F003
F010,A000
F011,A000
F012,A000
F003S145,F003
F006S063,F006
F003S163,F003
F003S165,F003
F006S064,F006
F010S000,F010
F010S001,F010
F010S002,F010
F010S004,F010
F010S008,F010
F010S009,F010
F010S010,F010
F010S011,F010
F010S012,F010
F010S015,F010
F010S016,F010
F010S017,F010
F010S018,F010
F010S019,F010
F010S020,F010
F010S022,F010
F010S023,F010
F010S025,F010
F010S026,F010
F010S027,F010
F010S028,F010
F010S032,F010
F010S033,F010
F010S034,F010
F010S035,F010
F010S036,F010
F010S037,F010
F010S039,F010
F003S179,F003
F010S042,F010
F010S043,F010
F010S044,F010
F010S045,F010
F003S235,F003
F010S047,F010
F010S048,F010
F006S073,F006
F004S038,F004
F010S053,F010
F010S056,F010
F010S057,F010
F004S058,F004
F010S059,F010
F004S059,F004
F004S071,F004
F010S062,F010
F010S063,F010
F010S064,F010
F010S065,F010
F010S066,F010
F004S094,F004
F004S099,F004
F004S124,F004
F004S129,F004
F004S135,F004
F004S136,F004
F010S074,F010
F004S139,F004
F011S000,F011
F011S001,F011
F011S002,F011
F011S003,F011
F011S004,F011
F011S005,F011
F011S006,F011
F011S007,F011
F011S008,F011
F011S009,F011
F011S010,F011
F011S011,F011
F011S012,F011
F011S013,F011
F011S015,F011
F011S016,F011
F011S017,F011
F011S019,F011
F011S020,F011
F004S153,F004
F011S023,F011
F011S025,F011
F011S026,F011
F004S157,F004
F004S171,F004
F011S031,F011
F011S032,F011
F011S033,F011
F011S034,F011
F011S035,F011
F011S036,F011
F008S020,F008
F011S038,F011
F011S039,F011
F008S032,F008
F011S041,F011
F011S042,F011
F011S043,F011
F011S045,F011
F011S046,F011
F011S047,F011
F011S048,F011
F008S049,F008
F011S050,F011
F011S051,F011
F011S052,F011
F011S053,F011
F011S054,F011
F011S055,F011
F008S057,F008
F012S000,F012
F012S001,F012
F012S002,F012
F012S003,F012
F012S004,F012
F012S005,F012
F012S006,F012
F012S007,F012
F012S008,F012
F012S009,F012
F012S010,F012
F012S011,F012
F012S012,F012
F012S013,F012
F012S014,F012
F012S015,F012
F012S016,F012
F008S071,F008
F006S082,F006
F012S019,F012
F012S020,F012
F012S021,F012
F012S022,F012
F006S084,F006
F012S024,F012
F012S025,F012
F012S026,F012
F012S027,F012
F012S028,F012
F012S029,F012
F012S030,F012
F012S031,F012
F012S032,F012
F012S033,F012
F012S034,F012
F012S035,F012
F012S036,F012
F012S037,F012
F012S038,F012
F012S039,F012
F012S040,F012
F012S041,F012
F012S042,F012
F012S043,F012
F012S044,F012
F012S045,F012
F012S046,F012
F012S047,F012
F012S048,F012
F012S049,F012
F012S050,F012
F012S051,F012
F009S011,F009
F009S023,F009
F009S029,F009
F009S038,F009
F009S040,F009
F009S043,F009
F009S046,F009
F009S056,F009
F009S059,F009
F009S062,F009
F013S029,F013
F013S037,F013
F014S017,F014
F014S018,F014
F014S021,F014
F014S022,F014
F014S023,F014
F014S030,F014
F014S031,F014
F015S000,F015
F015S008,F015
F015S009,F015
F015S011,F015
F015S018,F015
F015S020,F015
F015S024,F015
F015S025,F015
F015S026,F015
F016S023,F016
F016S028,F016
F016S036,F016
F022S015,F022
F027S008,F027
F027S015,F027
F030S004,F030
F030S007,F030
F037S008,F037
F039S005,F039
F045S003,F045
F094,A000
F208S002,F208
F000S081,F000
F000S095,F000
F000S126,F000
F000S141,F000
F000S147,F000
F000S171,F000
F000S173,F000
F000S181,F000
F000S183,F000
F000S188,F000
F000S201,F000
F000S202,F000
F000S208,F000
F000S211,F000
F000S218,F000
F000S219,F000
F000S222,F000
F000S227,F000
F000S234,F000
F000S242,F000
F000S243,F000
F000S246,F000
F000S252,F000
F000S275,F000
F000S277,F000
F000S281,F000
F000S292,F000
F000S302,F000
F000S304,F000
F000S308,F000
F000S313,F000
F000S318,F000
F000S329,F000
F000S333,F000
F000S334,F000
F000S339,F000
F000S347,F000
F000S364,F000
F000S367,F000
F000S379,F000
F000S390,F000
F000S405,F000
F002S139,F002
F002S142,F002
F002S152,F002
F002S175,F002
F002S204,F002
F002S210,F002
F002S216,F002
F002S221,F002
F003S123,F003
F003S124,F003
F003S130,F003
F003S135,F003
F003S140,F003
F003S150,F003
F003S152,F003
F003S153,F003
F003S157,F003
F003S167,F003
F003S172,F003
F003S175,F003
F003S176,F003
F003S181,F003
F003S184,F003
F003S200,F003
F003S203,F003
F003S209,F003
F003S210,F003
F003S214,F003
F003S215,F003
F003S222,F003
F003S228,F003
F003S234,F003
F004S063,F004
F004S064,F004
F004S068,F004
F004S076,F004
F004S097,F004
F004S122,F004
F004S123,F004
F004S133,F004
F004S143,F004
F004S174,F004
F004S176,F004
F008S038,F008
F008S039,F008
F008S053,F008
F008S054,F008
F008S064,F008
F008S070,F008
F009S012,F009
F009S020,F009
F009S028,F009
F009S036,F009
F009S042,F009
F009S054,F009
F009S065,F009
F009S069,F009
F009S071,F009
F013S025,F013
F013S031,F013
F013S039,F013
F014S016,F014
F014S026,F014
F014S027,F014
F015S007,F015
F015S013,F015
F015S014,F015
F015S015,F015
F015S023,F015
F015S040,F015
F016S020,F016
F017,A000
F018,A000
F019,A000
F020,A000
F021,A000
F026S009,F026
F017S000,F017
F017S001,F017
F017S003,F017
F017S004,F017
F017S005,F017
F017S006,F017
F007S009,F007
F017S008,F017
F017S009,F017
F017S010,F017
F017S011,F017
F017S012,F017
F017S013,F017
F017S014,F017
F017S015,F017
F017S016,F017
F017S017,F017
F017S018,F017
F017S019,F017
F017S020,F017
F017S021,F017
F017S022,F017
F017S023,F017
F017S024,F017
F017S025,F017
F017S026,F017
F017S027,F017
F017S028,F017
F017S029,F017
F017S030,F017
F027S018,F027
F045S000,F045
F017S033,F017
F045S001,F045
F007S019,F007
F018S000,F018
F018S002,F018
F018S003,F018
F018S004,F018
F018S005,F018
F018S006,F018
F018S007,F018
F018S008,F018
F018S009,F018
F018S010,F018
F018S011,F018
F018S013,F018
F018S014,F018
F018S015,F018
F018S016,F018
F018S017,F018
F018S018,F018
F018S019,F018
F018S020,F018
F018S021,F018
F018S022,F018
F045S002,F045
F018S024,F018
F057S000,F057
F018S026,F018
F018S027,F018
F018S028,F018
F018S029,F018
F106,A000
F018S031,F018
F007S020,F007
F019S000,F019
F019S001,F019
F019S002,F019
F019S003,F019
F019S004,F019
F019S005,F019
F019S006,F019
F019S007,F019
F019S008,F019
F019S009,F019
F019S010,F019
F019S011,F019
F019S012,F019
F019S013,F019
F019S014,F019
F019S015,F019
F019S016,F019
F303S001,F303
F019S018,F019
F019S019,F019
F019S020,F019
F019S021,F019
F019S022,F019
F019S025,F019
F019S026,F019
F019S027,F019
F019S028,F019
F019S029,F019
F007S025,F007
F020S000,F020
F020S001,F020
F020S002,F020
F020S003,F020
F020S004,F020
F020S005,F020
F020S006,F020
F020S007,F020
F020S008,F020
F020S009,F020
F020S010,F020
F020S013,F020
F020S014,F020
F020S015,F020
F020S016,F020
F020S017,F020
F020S018,F020
F020S019,F020
F020S020,F020
F020S021,F020
F020S022,F020
F020S023,F020
F020S026,F020
F020S027,F020
F007S031,F007
F021S000,F021
F021S001,F021
F021S002,F021
F021S003,F021
F021S004,F021
F021S005,F021
F021S006,F021
F021S007,F021
F021S008,F021
F021S009,F021
F021S010,F021
F021S011,F021
F021S013,F021
F000S232,F000
F000S268,F000
F021S016,F021
F000S269,F000
F021S018,F021
F021S019,F021
F021S020,F021
F000S283,F000
F000S288,F000
F021S023,F021
F021S024,F021
F021S025,F021
F021S026,F021
F000S290,F000
F000S324,F000
F000S340,F000
F000S370,F000
F000S384,F000
F002S174,F002
F002S181,F002
F002S244,F002
F003S177,F003
F004S073,F004
F004S107,F004
F004S125,F004
F004S131,F004
F008S069,F008
F009S041,F009
F009S053,F009
F009S057,F009
F009S060,F009
F014S025,F014
F014S032,F014
F015S019,F015
F016S032,F016
F023,A000
F024,A000
F023S000,F023
F023S001,F023
F023S002,F023
F023S003,F023
F023S004,F023
F023S005,F023
F023S006,F023
F023S007,F023
F023S008,F023
F023S009,F023
F023S010,F023
F023S011,F023
F023S012,F023
F023S014,F023
F023S015,F023
F023S016,F023
F023S019,F023
F027S006,F027
F023S022,F023
F023S023,F023
F007S033,F007
F024S000,F024
F024S001,F024
F024S002,F024
F024S003,F024
F024S004,F024
F024S005,F024
F024S006,F024
F024S007,F024
F024S008,F024
F024S009,F024
F024S010,F024
F024S011,F024
F024S012,F024
F024S013,F024
F024S014,F024
F024S015,F024
F007S049,F007
F024S017,F024
F024S018,F024
F024S019,F024
F024S020,F024
F024S021,F024
F024S022,F024
F025,A000
F025S000,F025
F025S001,F025
F025S002,F025
F025S003,F025
F025S004,F025
F025S005,F025
F025S006,F025
F025S007,F025
F025S008,F025
F025S009,F025
F025S010,F025
F025S011,F025
F025S012,F025
F025S013,F025
F025S014,F025
F025S015,F025
F025S016,F025
F025S017,F025
F025S018,F025
F025S019,F025
F025S020,F025
F007S051,F007
F007S060,F007
F027S010,F027
F045S005,F045
F303S003,F303
F000S282,F000
F000S286,F000
F000S294,F000
F000S297,F000
F000S301,F000
F000S303,F000
F000S319,F000
F000S326,F000
F000S327,F000
F000S331,F000
F000S332,F000
F000S338,F000
F000S346,F000
F000S350,F000
F000S356,F000
F000S358,F000
F000S359,F000
F000S363,F000
F000S372,F000
F000S376,F000
F000S378,F000
F000S381,F000
F000S386,F000
F000S387,F000
F000S389,F000
F000S391,F000
F028S000,F028
F028S001,F028
F028S002,F028
F028S003,F028
F028S004,F028
F028S005,F028
F028S006,F028
F028S007,F028
F028S008,F028
F007S071,F007
F028S010,F028
F028S011,F028
F028S012,F028
F028S013,F028
F028S014,F028
F028S015,F028
F028S016,F028
F028S017,F028
F028,A000
F029S000,F029
F029S001,F029
F029S002,F029
F029S003,F029
F029S004,F029
F029S005,F029
F029S006,F029
F029S007,F029
F029S008,F029
F029S009,F029
F029S010,F029
F029S011,F029
F029S012,F029
F029S013,F029
F029S014,F029
F029S015,F029
F029,A000
F000S393,F000
F000S398,F000
F000S400,F000
F000S404,F000
F000S407,F000
F002S196,F002
F002S203,F002
F031S001,F031
F007S080,F007
F031S006,F031
F031,A000
F031S008,F031
F031S009,F031
F031S010,F031
F031S011,F031
F031S014,F031
F032,A000
F032S000,F032
F032S001,F032
F032S002,F032
F032S003,F032
F032S005,F032
F032S006,F032
F032S007,F032
F032S008,F032
F032S009,F032
F032S010,F032
F032S011,F032
F032S013,F032
F033,A000
F033S001,F033
F033S002,F033
F035,A000
F036,A000
F033S004,F033
F010S050,F010
F033S006,F033
F033S007,F033
F033S008,F033
F002S208,F002
F033S010,F033
F011S021,F011
F012S017,F012
F012S018,F012
F002S211,F002
F002S212,F002
F035S000,F035
F035S001,F035
F035S002,F035
F035S003,F035
F035S004,F035
F035S005,F035
F035S006,F035
F035S007,F035
F035S008,F035
F035S009,F035
F035S010,F035
F035S011,F035
F012S023,F012
F002S223,F002
F017S007,F017
F036S001,F036
F036S002,F036
F036S003,F036
F036S004,F036
F036S007,F036
F002S226,F002
F036S009,F036
F036S010,F036
F002S229,F002
F002S238,F002
F002S252,F002
F038,A000
F002S253,F002
F003S173,F003
F003S182,F003
F038S000,F038
F038S001,F038
F003S185,F003
F038S003,F038
F038S004,F038
F038S005,F038
F038S007,F038
F038S008,F038
F003S189,F003
F003S190,F003
F003S191,F003
F003S195,F003
F040,A000
F041,A000
F042,A000
F043,A000
F044,A000
F040S000,F040
F040S001,F040
F040S002,F040
F040S003,F040
F040S004,F040
F040S005,F040
F040S006,F040
F040S007,F040
F040S008,F040
F040S009,F040
F040S010,F040
F040S011,F040
F040S012,F040
F040S013,F040
F040S014,F040
F040S015,F040
F040S016,F040
F040S017,F040
F040S018,F040
F040S019,F040
F040S020,F040
F040S021,F040
F003S204,F003
F003S226,F003
F041S000,F041
F041S001,F041
F041S002,F041
F041S003,F041
F041S004,F041
F041S005,F041
F041S006,F041
F003S232,F003
F042S000,F042
F042S001,F042
F042S002,F042
F042S003,F042
F042S004,F042
F042S005,F042
F003S237,F003
F043S000,F043
F043S001,F043
F043S002,F043
F043S003,F043
F043S004,F043
F043S005,F043
F003S241,F003
F044S000,F044
F044S003,F044
F044S004,F044
F044S005,F044
F003S242,F003
F003S243,F003
F004S079,F004
F004S083,F004
F004S084,F004
F004S090,F004
F004S093,F004
F004S095,F004
F004S102,F004
F004S103,F004
F048,A000
F049,A000
F024S016,F024
F050,A000
F051,A000
F052,A000
F053,A000
F048S000,F048
F048S001,F048
F048S002,F048
F054,A000
F028S009,F028
F031S002,F031
F031S007,F031
F033S005,F033
F050S000,F050
F033S011,F033
F055,A000
F051S000,F051
F051S001,F051
F051S002,F051
F056,A000
F052S000,F052
F052S001,F052
F052S002,F052
F052S003,F052
F052S004,F052
F004S108,F004
F053S000,F053
F053S001,F053
F053S002,F053
F053S003,F053
F053S004,F053
F033S012,F033
F054S001,F054
F004S110,F004
F055S001,F055
F058,A000
F004S113,F004
F056S001,F056
F033S013,F033
F036S000,F036
F004S114,F004
F058S000,F058
F058S001,F058
F036S008,F036
F038S002,F038
F004S119,F004
F060,A000
F004S120,F004
F060S000,F060
F060S001,F060
F004S130,F004
F004S132,F004
F004S137,F004
F065,A000
F066,A000
F065S003,F065
F067,A000
F068,A000
F069,A000
F067S005,F067
F070,A000
F004S140,F004
F071,A000
F069S007,F069
F072,A000
F070S008,F070
F073,A000
F071S009,F071
F004S142,F004
F049S000,F049
F004S144,F004
F073S011,F073
F076,A000
F049S002,F049
F077,A000
F078,A000
F079,A000
F080,A000
F081,A000
F082,A000
F050S001,F050
F004S148,F004
F086,A000
F090,A000
F004S150,F004
F004S156,F004
F095,A000
F004S161,F004
F097,A000
F098,A000
F004S165,F004
F100,A000
F101,A000
F004S166,F004
F008S047,F008
F008S052,F008
F107,A000
F108,A000
F110,A000
F112,A000
F113,A000
F117,A000
F008S055,F008
F008S056,F008
F120,A000
F121,A000
F008S073,F008
F123,A000
F009S050,F009
F009S051,F009
F126,A000
F127,A000
F128,A000
F013S049,F013
F014S024,F014
F132,A000
F133,A000
F134,A000
F014S028,F014
F203,A000
F014S029,F014
F014S036,F014
F014S038,F014
F014S039,F014
F014S041,F014
F015S031,F015
F210,A000
F300,A000
F300S000,F300
F301,A000
F015S033,F015
F015S035,F015
F015S039,F015
F015S041,F015
F022S023,F022
F026S014,F026
F027S007,F027
F027S009,F027
F027S012,F027
F027S016,F027
F045S004,F045
F303S002,F303
F305,A000
F306,A000
F308,A000
F310,A000
F310S000,F310
F310S001,F310
F310S002,F310
F310S003,F310
F400,A000
F401,A000
F402,A000
F403,A000
F404,A000
F405,A000
F406,A000
F407,A000
F400S000,F400
F402S001,F402
F402S002,F402
F046S003,F046
F046S009,F046
F046S000,F046
F046S007,F046
F046S005,F046
F002S300,F018
F006S201,F010
F000S508,F002
F000S508,F003
F005S201,F007
F006S200,F030
F005S200,F007
F005S200,F016
F138,A000
F003S301,F003
F002S301,F002
F012S103,F012
F009S102,F009
F001S302,F001
F018S100,F018
F009S100,F009
F002S302,F002
F013S101,F013
F038S100,F038
F140,A000
F139,A000
F137,A000
F055S100,F055
F045S100,F045
F055S101,F055
F000S507,F000
F005S204,F005
F014S100,F014
F016S101,F016
F005S202,F005
F042S102,F042
F036S100,F036
F042S101,F042
F030S101,F030
F000S503,F000
F031S100,F031
F013S100,F013
F005S206,F005
F002S300,F002
F026S100,F026
F018S101,F018
F005S203,F005
F009S101,F009
F000S501,F000
F000S502,F000
F042S100,F042
F003S303,F003
F005S207,F005
F000S500,F000
F002S306,F002
F003S308,F003
F001S304,F001
F001S300,F001
F001S301,F001
F003S309,F003
F000S504,F000
F002S304,F002
F005S205,F005
F012S102,F012
F015S100,F015
F135,A000
F001S305,F001
F003S304,F003
F003S306,F003
F003S307,F003
F006S201,F006
F010S100,F010
F000S508,F000
F000S505,F000
F000S506,F000
F001S306,F001
F003S300,F003
F003S311,F003
F003S312,F003
F005S201,F005
F006S200,F006
F008S100,F008
F010S102,F010
F012S100,F012
F012S101,F012
F001S303,F001
F005S200,F005
F003S302,F003
F003S305,F003
F016S102,F016
F003S313,F003
F044S100,F044
F141,A000
F002S303,F002
F037S100,F037
F046,A000
